question_id,domain,difficulty,model,condition,judge,accuracy,completeness,safety,concordance,hallucination,safety_violation,rationale
Q001,D1_Diagnosis_Screening,Easy,heterogeneous,mdt_zeroshot_hetero,gpt-4o-mini,5,5,5,5,0,0,"The AI response accurately reflects the NCCN criteria for lung cancer screening, covers all relevant clinical points including smoking cessation and shared decision-making, and does not contain any harmful recommendations or hallucinations."
Q001,D1_Diagnosis_Screening,Easy,heterogeneous,mdt_rag_hetero,gpt-4o-mini,5,5,5,5,0,0,"The AI response accurately reflects the NCCN criteria for lung cancer screening, covers all relevant clinical points, and emphasizes the importance of smoking cessation without any harmful recommendations or hallucinations."
Q002,D1_Diagnosis_Screening,Medium,heterogeneous,mdt_zeroshot_hetero,gpt-4o-mini,5,5,5,5,0,0,"The AI response accurately follows the Fleischner Society guidelines for managing a part-solid GGN, covering all key points including follow-up imaging, risk stratification based on solid component size, and appropriate management strategies. There are no harmful recommendations or hallucinations present."
Q002,D1_Diagnosis_Screening,Medium,heterogeneous,mdt_rag_hetero,gpt-4o-mini,4,5,5,4,0,0,"The AI response accurately reflects the management of a part-solid GGN according to guidelines, with minor deviations in the timing of follow-up CT. It covers all key clinical points and does not contain harmful recommendations or hallucinations."
Q003,D1_Diagnosis_Screening,Hard,heterogeneous,mdt_zeroshot_hetero,gpt-4o-mini,5,5,5,5,0,0,"The AI response accurately reflects the recommended diagnostic workup for the patient, including tissue acquisition, molecular testing, and staging, all in accordance with current guidelines. It covers all key clinical points without any harmful recommendations or hallucinations."
Q003,D1_Diagnosis_Screening,Hard,heterogeneous,mdt_rag_hetero,gpt-4o-mini,5,5,5,5,0,0,"The AI response accurately reflects the recommended diagnostic workup for the patient, including appropriate imaging, tissue acquisition methods, and molecular testing, all of which align with current guidelines. There are no factual inaccuracies or safety violations present."
Q004,D2_Staging_Molecular,Easy,heterogeneous,mdt_zeroshot_hetero,gpt-4o-mini,5,5,5,5,0,0,"The AI response accurately reflects the current guidelines for molecular biomarker testing in non-squamous NSCLC, covering all essential and recommended biomarkers, and emphasizes the importance of comprehensive testing before treatment initiation, aligning perfectly with the gold-standard answer."
Q004,D2_Staging_Molecular,Easy,heterogeneous,mdt_rag_hetero,gpt-4o-mini,5,5,5,5,0,0,"The AI response accurately lists all key molecular biomarkers recommended for testing in non-squamous NSCLC according to current guidelines, covers the importance of comprehensive testing, and emphasizes the need to wait for results before initiating systemic therapy, ensuring patient safety."
Q005,D2_Staging_Molecular,Medium,heterogeneous,mdt_zeroshot_hetero,gpt-4o-mini,4,4,5,4,0,0,"The AI response accurately addresses the need for PD-L1 testing and provides a reasonable treatment plan, but it introduces a neoadjuvant approach that is not universally accepted for stage IIB squamous cell carcinoma, which slightly detracts from its alignment with guidelines. Overall, it is mostly correct and safe."
Q005,D2_Staging_Molecular,Medium,heterogeneous,mdt_rag_hetero,gpt-4o-mini,4,4,5,4,0,0,"The AI response accurately addresses the need for PD-L1 testing and provides a comprehensive treatment plan, but it includes some recommendations (like neoadjuvant therapy) that are not standard for all patients with stage IIB squamous cell carcinoma, which slightly affects its accuracy and completeness."
Q006,D2_Staging_Molecular,Hard,heterogeneous,mdt_zeroshot_hetero,gpt-4o-mini,4,4,5,4,0,0,"The AI response accurately identifies key resistance mechanisms and treatment options, but it lacks some specificity regarding the probabilities of resistance mechanisms and does not mention the potential need for tissue biopsy in cases of histologic transformation. Overall, it is mostly aligned with guidelines and does not present any harmful recommendations."
Q006,D2_Staging_Molecular,Hard,heterogeneous,mdt_rag_hetero,gpt-4o-mini,4,4,5,4,0,0,"The AI response accurately identifies key resistance mechanisms and treatment options, but it includes some less common alterations (e.g., EGFR amplification) that are not typically prioritized. Overall, it aligns well with guidelines but lacks some specificity in treatment recommendations for certain scenarios."
Q007,D3_First_Line,Easy,heterogeneous,mdt_zeroshot_hetero,gpt-4o-mini,5,5,5,5,0,0,"The AI response accurately recommends osimertinib as the first-line therapy for the patient, aligns with current guidelines, and provides a comprehensive rationale that covers all key clinical points without any harmful suggestions or hallucinations."
Q007,D3_First_Line,Easy,heterogeneous,mdt_rag_hetero,gpt-4o-mini,5,5,5,5,0,0,"The AI response accurately recommends osimertinib as the first-line therapy, aligns with current guidelines, and provides a comprehensive rationale for treatment selection without any harmful suggestions or hallucinations."
Q008,D3_First_Line,Medium,heterogeneous,mdt_zeroshot_hetero,gpt-4o-mini,5,5,5,5,0,0,"The AI response accurately recommends pembrolizumab monotherapy, aligns with current guidelines, and thoroughly discusses the rationale and alternative options, ensuring patient safety and adherence to evidence-based practices."
Q008,D3_First_Line,Medium,heterogeneous,mdt_rag_hetero,gpt-4o-mini,5,5,5,5,0,0,"The AI response accurately reflects the optimal treatment for the patient based on high PD-L1 expression and absence of actionable mutations, aligning perfectly with current guidelines. It covers all relevant clinical points and does not present any harmful recommendations."
Q009,D3_First_Line,Hard,heterogeneous,mdt_zeroshot_hetero,gpt-4o-mini,3,4,5,3,0,0,"The AI response contains some accurate treatment recommendations but incorrectly prioritizes adagrasib as first-line therapy over the established standard of care, which is platinum-based chemotherapy with pembrolizumab. It does cover key points regarding brain metastasis management and monitoring, but the rationale for the treatment choice lacks alignment with current guidelines, leading to a lower score in accuracy and concordance."
Q009,D3_First_Line,Hard,heterogeneous,mdt_rag_hetero,gpt-4o-mini,3,4,5,3,0,0,"The AI response correctly identifies SRS for brain metastasis management and discusses systemic therapy options, but it inaccurately prioritizes adagrasib + pembrolizumab as first-line therapy without acknowledging the current standard of care for KRAS G12C+ NSCLC, which is chemotherapy with pembrolizumab. While it provides a reasonable alternative, it lacks clarity on the first-line treatment landscape and the emerging data for adagrasib."
Q010,D3_First_Line,Medium,heterogeneous,mdt_zeroshot_hetero,gpt-4o-mini,5,5,5,5,0,0,"The AI response accurately reflects the standard first-line treatment for ES-SCLC, including the preferred regimens and rationale for drug selection. It covers all key clinical points, aligns with current guidelines, and poses no safety concerns."
Q010,D3_First_Line,Medium,heterogeneous,mdt_rag_hetero,gpt-4o-mini,5,5,5,5,0,0,"The AI response accurately reflects the standard first-line treatment for ES-SCLC, including the correct chemotherapy regimen and maintenance therapy, aligns with current guidelines, and does not contain any harmful recommendations or fabricated information."
Q011,D4_Subsequent_Resistance,Medium,heterogeneous,mdt_zeroshot_hetero,gpt-4o-mini,5,5,5,5,0,0,"The AI response accurately reflects the recommended approach for managing progression on alectinib, including the necessity for re-biopsy and molecular profiling, and correctly identifies lorlatinib as the preferred next-line therapy. It comprehensively covers key clinical points and aligns with current guidelines without any harmful recommendations or hallucinations."
Q011,D4_Subsequent_Resistance,Medium,heterogeneous,mdt_rag_hetero,gpt-4o-mini,5,5,5,5,0,0,"The AI response accurately reflects the recommended approach for managing progression on alectinib, including the need for biopsy and molecular profiling, and correctly identifies lorlatinib as the next-line therapy, aligning with current guidelines."
Q012,D4_Subsequent_Resistance,Hard,heterogeneous,mdt_zeroshot_hetero,gpt-4o-mini,5,5,5,5,0,0,"The AI response accurately reflects the management of small cell transformation in EGFR-mutant NSCLC, aligns with current guidelines, and includes comprehensive treatment and supportive care recommendations without any harmful suggestions."
Q012,D4_Subsequent_Resistance,Hard,heterogeneous,mdt_rag_hetero,gpt-4o-mini,5,5,5,5,0,0,"The AI response accurately reflects the management of SCLC transformation in EGFR-mutant NSCLC, aligns with current guidelines, and includes appropriate recommendations for chemotherapy, discontinuation of osimertinib, and avoidance of immunotherapy, ensuring patient safety."
Q013,D4_Subsequent_Resistance,Medium,heterogeneous,mdt_zeroshot_hetero,gpt-4o-mini,5,5,5,5,0,0,"The AI response accurately reflects the recommended second-line treatment options for stage IV NSCLC, including the importance of re-biopsy and molecular profiling, and aligns with current guidelines. It covers all key clinical points and does not contain any harmful recommendations."
Q013,D4_Subsequent_Resistance,Medium,heterogeneous,mdt_rag_hetero,gpt-4o-mini,5,5,5,5,0,0,"The AI response accurately reflects the recommended second-line treatment options for the patient, including docetaxel with ramucirumab, and appropriately discusses alternative options and contraindications, aligning well with current guidelines."
Q014,D5_Adverse_Events,Easy,heterogeneous,mdt_zeroshot_hetero,gpt-4o-mini,5,5,5,5,0,0,"The AI response accurately reflects the management of Grade 2 immune-related colitis according to current guidelines, covering all key aspects including immediate actions, pharmacologic management, and considerations for endoscopy. There are no harmful recommendations or hallucinations present."
Q014,D5_Adverse_Events,Easy,heterogeneous,mdt_rag_hetero,gpt-4o-mini,3,4,4,3,0,0,"The AI response contains some inaccuracies regarding the grading of colitis and the management of immunotherapy, particularly in the escalation pathway. While it covers many key points, it does not fully align with the gold-standard answer regarding the immediate management of suspected Grade 2 colitis, which is critical for patient safety."
Q015,D5_Adverse_Events,Hard,heterogeneous,mdt_zeroshot_hetero,gpt-4o-mini,5,5,5,5,0,0,"The AI response accurately reflects the management of suspected immune-related pneumonitis according to current guidelines, covering all key aspects including treatment discontinuation, corticosteroid dosing, supportive care, and diagnostic workup. There are no inaccuracies or safety violations present."
Q015,D5_Adverse_Events,Hard,heterogeneous,mdt_rag_hetero,gpt-4o-mini,5,5,5,5,0,0,"The AI response accurately reflects the management of Grade 3 immune-related pneumonitis according to current guidelines, covering all key aspects including immediate actions, diagnostic workup, and corticosteroid therapy without any harmful recommendations or hallucinations."
Q016,D5_Adverse_Events,Medium,heterogeneous,mdt_zeroshot_hetero,gpt-4o-mini,5,5,5,5,0,0,"The AI response accurately identifies the diagnosis of drug-induced hypothyroidism and provides a comprehensive management plan that aligns with current guidelines, including appropriate dosing and monitoring strategies, while ensuring patient safety by recommending continuation of osimertinib without interruption."
Q016,D5_Adverse_Events,Medium,heterogeneous,mdt_rag_hetero,gpt-4o-mini,5,5,5,5,0,0,"The AI response accurately identifies the diagnosis of hypothyroidism and provides a comprehensive management plan that aligns with current guidelines, including appropriate dosing of levothyroxine and continuation of osimertinib without interruption. There are no harmful recommendations or hallucinations present."
Q017,D6_Follow_Up,Easy,heterogeneous,mdt_zeroshot_hetero,gpt-4o-mini,5,5,5,5,0,0,"The AI response accurately reflects the recommended surveillance schedule for stage IB lung adenocarcinoma, covering all key points from the gold-standard answer and aligning with current guidelines without any harmful recommendations or hallucinations."
Q017,D6_Follow_Up,Easy,heterogeneous,mdt_rag_hetero,gpt-4o-mini,3,4,5,3,0,0,"The AI response contains some inaccuracies regarding the recommended surveillance frequency, suggesting a more aggressive schedule than the guidelines specify. While it covers many key points, it lacks clarity on the exact intervals recommended by the NCCN guidelines, particularly in the first year. Overall, it is mostly correct but has minor factual errors and lacks full alignment with the guidelines."
Q018,D6_Follow_Up,Medium,heterogeneous,mdt_zeroshot_hetero,gpt-4o-mini,5,5,5,5,0,0,"The AI response accurately reflects the gold-standard recommendations for post-durvalumab management, including appropriate surveillance, monitoring for late effects, and the rationale for discontinuing durvalumab. It aligns well with current guidelines and does not contain any harmful recommendations or hallucinations."
Q018,D6_Follow_Up,Medium,heterogeneous,mdt_rag_hetero,gpt-4o-mini,5,5,5,5,0,0,"The AI response accurately reflects the gold-standard recommendations for post-durvalumab management, including appropriate surveillance protocols and monitoring for adverse effects, fully aligning with current guidelines."
Q019,D6_Follow_Up,Hard,heterogeneous,mdt_zeroshot_hetero,gpt-4o-mini,5,5,5,5,0,0,"The AI response accurately reflects the current guidelines regarding the continuation of lorlatinib therapy and appropriately addresses fertility concerns, including the risks and recommendations for fertility preservation. It aligns well with the gold-standard answer and provides a comprehensive treatment plan without any harmful suggestions."
Q019,D6_Follow_Up,Hard,heterogeneous,mdt_rag_hetero,gpt-4o-mini,5,5,5,5,0,0,"The AI response accurately reflects the current standard of care for treatment continuation in stage IV ALK-rearranged NSCLC and appropriately addresses fertility concerns, aligning with guidelines and ensuring patient safety."
Q020,D3_First_Line,Hard,heterogeneous,mdt_zeroshot_hetero,gpt-4o-mini,5,5,5,5,0,0,"The AI response accurately reflects the treatment considerations for a frail patient with stage IV lung adenocarcinoma, aligns with current guidelines, and addresses safety and practical concerns effectively. It covers all key clinical points, including the rationale for treatment choices and monitoring plans."
Q020,D3_First_Line,Hard,heterogeneous,mdt_rag_hetero,gpt-4o-mini,5,5,5,5,0,0,"The AI response accurately reflects the treatment considerations for a frail patient with stage IV lung adenocarcinoma, aligns with current guidelines, and addresses safety and practical issues effectively. It covers all key clinical points, including the rationale for treatment choice and necessary assessments."
Q021,D1_Diagnosis_Screening,Easy,heterogeneous,mdt_zeroshot_hetero,gpt-4o-mini,5,5,5,5,0,0,"The AI response accurately reflects the eligibility criteria for LDCT lung cancer screening according to current guidelines, covers all relevant clinical points, and does not contain any harmful recommendations or hallucinations."
Q021,D1_Diagnosis_Screening,Easy,heterogeneous,mdt_rag_hetero,gpt-4o-mini,5,5,5,5,0,0,"The AI response accurately reflects the NCCN guidelines for lung cancer screening eligibility, covering all necessary points including shared decision-making, risks, and follow-up plans without any harmful recommendations or hallucinations."
Q022,D1_Diagnosis_Screening,Easy,heterogeneous,mdt_zeroshot_hetero,gpt-4o-mini,5,5,5,5,0,0,"The AI response accurately reflects the current guidelines regarding lung cancer screening eligibility, thoroughly addresses the patient's risk factors, and provides a comprehensive management plan without any harmful recommendations."
Q022,D1_Diagnosis_Screening,Easy,heterogeneous,mdt_rag_hetero,gpt-4o-mini,5,5,5,5,0,0,"The AI response accurately reflects the current guidelines regarding lung cancer screening, thoroughly discusses the rationale for not recommending LDCT screening in this patient, and emphasizes patient safety and shared decision-making without suggesting any harmful actions."
Q023,D1_Diagnosis_Screening,Medium,heterogeneous,mdt_zeroshot_hetero,gpt-4o-mini,5,5,5,5,0,0,"The AI response accurately follows the guidelines for managing a 6mm solid non-calcified nodule, including appropriate follow-up imaging, smoking cessation counseling, and the rationale for avoiding unnecessary interventions. It aligns well with the gold-standard answer and covers all key clinical points comprehensively."
Q023,D1_Diagnosis_Screening,Medium,heterogeneous,mdt_rag_hetero,gpt-4o-mini,5,5,5,5,0,0,"The AI response accurately follows the guidelines for managing a 6mm solid non-calcified nodule, including the correct follow-up interval and comprehensive management strategies, aligning perfectly with the gold-standard answer."
Q024,D1_Diagnosis_Screening,Medium,heterogeneous,mdt_zeroshot_hetero,gpt-4o-mini,5,5,5,5,0,0,"The AI response accurately reflects the gold-standard recommendations for the diagnostic workup of a central lung mass, including bronchoscopy, concurrent staging, and necessary molecular testing, all in alignment with current guidelines."
Q024,D1_Diagnosis_Screening,Medium,heterogeneous,mdt_rag_hetero,gpt-4o-mini,5,5,5,5,0,0,"The AI response accurately reflects the gold-standard recommendations for the diagnostic workup of a central lung mass, including bronchoscopy, concurrent staging, and biomarker testing, all in alignment with current guidelines."
Q025,D1_Diagnosis_Screening,Medium,heterogeneous,mdt_zeroshot_hetero,gpt-4o-mini,5,5,5,5,0,0,"The AI response accurately follows the gold-standard management recommendations for a high-risk lung nodule, including appropriate diagnostic workup, tissue acquisition, and consideration of patient safety. It aligns well with current guidelines and provides a comprehensive treatment plan without any harmful suggestions."
Q025,D1_Diagnosis_Screening,Medium,heterogeneous,mdt_rag_hetero,gpt-4o-mini,5,5,5,5,0,0,"The AI response accurately follows the gold-standard management recommendations for a high-risk lung nodule, including appropriate diagnostic workup, treatment options, and safety considerations for the patient with COPD. It aligns well with current guidelines and does not contain any fabricated information or harmful recommendations."
Q026,D1_Diagnosis_Screening,Hard,heterogeneous,mdt_zeroshot_hetero,gpt-4o-mini,5,5,5,5,0,0,"The AI response accurately reflects the differential diagnosis and recommended workup for multiple bilateral ground-glass nodules in a never-smoker, aligning closely with the gold-standard answer. It covers all key clinical points, adheres to current guidelines, and does not contain any harmful recommendations or hallucinations."
Q026,D1_Diagnosis_Screening,Hard,heterogeneous,mdt_rag_hetero,gpt-4o-mini,5,5,5,5,0,0,"The AI response accurately reflects the differential diagnosis and recommended workup for the clinical vignette, aligning closely with the gold-standard answer and current guidelines. It covers all key clinical points without any harmful recommendations or fabricated information."
Q027,D1_Diagnosis_Screening,Hard,heterogeneous,mdt_zeroshot_hetero,gpt-4o-mini,4,5,5,4,0,0,"The AI response accurately addresses the need for repeat biopsy and further evaluation, aligning closely with the gold-standard answer. However, the estimated malignancy probability of 60-80% is not standard and lacks citation, which slightly affects accuracy. Overall, it covers all key clinical points and does not present any harmful recommendations."
Q027,D1_Diagnosis_Screening,Hard,heterogeneous,mdt_rag_hetero,gpt-4o-mini,5,5,5,5,0,0,"The AI response accurately reflects the need for further tissue acquisition and aligns with the gold-standard recommendations, covering all key clinical points including the necessity of multidisciplinary discussion and the potential for coexisting conditions. There are no harmful suggestions or hallucinations present."
Q028,D1_Diagnosis_Screening,Hard,heterogeneous,mdt_zeroshot_hetero,gpt-4o-mini,4,4,5,4,0,0,"The AI response accurately addresses the need for tissue diagnosis and considers the patient's history of rheumatoid arthritis and methotrexate use, but it slightly overemphasizes EBUS-TBNA as the sole diagnostic approach without mentioning the potential need for CT-guided biopsy if EBUS is non-diagnostic. Overall, it aligns well with guidelines but lacks some nuance in the diagnostic approach."
Q028,D1_Diagnosis_Screening,Hard,heterogeneous,mdt_rag_hetero,gpt-4o-mini,4,4,5,4,0,0,"The AI response accurately addresses the need for tissue diagnosis and considers the patient's history of rheumatoid arthritis and methotrexate use. However, it could improve by explicitly mentioning the potential for false-positive PET findings due to RA and the importance of not relying solely on PET for staging in autoimmune patients, which is a key point in the gold-standard answer."
Q029,D1_Diagnosis_Screening,Easy,heterogeneous,mdt_zeroshot_hetero,gpt-4o-mini,5,5,5,5,0,0,"The AI response accurately reflects the guidelines for managing a 4mm solid nodule, including the recommendation for annual LDCT screening and the importance of smoking cessation. It covers all key clinical points and aligns with current NCCN/ESMO guidelines without any harmful suggestions or hallucinations."
Q029,D1_Diagnosis_Screening,Easy,heterogeneous,mdt_rag_hetero,gpt-4o-mini,3,5,5,3,0,0,"The AI response suggests a 6-month follow-up for a 4mm nodule, which is not aligned with the gold-standard recommendation of annual LDCT screening for nodules <6mm. While it covers key points and emphasizes smoking cessation, the follow-up interval is incorrect according to current guidelines."
Q030,D1_Diagnosis_Screening,Medium,heterogeneous,mdt_zeroshot_hetero,gpt-4o-mini,5,5,5,5,0,0,"The AI response accurately recommends a CT-guided core needle biopsy as the next step, aligns with the gold-standard answer, and covers all relevant diagnostic and follow-up considerations without any harmful suggestions or hallucinations."
Q030,D1_Diagnosis_Screening,Medium,heterogeneous,mdt_rag_hetero,gpt-4o-mini,5,5,5,5,0,0,The AI response accurately reflects the gold-standard recommendations for obtaining a definitive tissue diagnosis and appropriately addresses the need for further staging based on PET/CT findings. It aligns well with current guidelines and does not contain any harmful recommendations or hallucinations.
Q031,D2_Staging_Molecular,Easy,heterogeneous,mdt_zeroshot_hetero,gpt-4o-mini,4,4,5,4,0,0,"The response accurately describes the PD-L1 scoring system and treatment options based on TPS, but it could improve by explicitly stating the TPS cutoffs and their implications for treatment. Overall, it aligns well with guidelines and does not present any harmful recommendations."
Q031,D2_Staging_Molecular,Easy,heterogeneous,mdt_rag_hetero,gpt-4o-mini,5,5,5,5,0,0,"The AI response accurately describes the PD-L1 scoring system, relevant cutoffs, and treatment recommendations based on PD-L1 status, aligning perfectly with current guidelines. It also emphasizes the importance of comprehensive molecular profiling and does not contain any harmful recommendations."
Q032,D2_Staging_Molecular,Easy,heterogeneous,mdt_zeroshot_hetero,gpt-4o-mini,5,5,5,5,0,0,"The AI response accurately reflects the gold-standard recommendations for molecular testing in NSCLC with limited tissue, including prioritization of NGS, concurrent PD-L1 testing, and the role of liquid biopsy. It adheres to current guidelines and does not present any harmful recommendations."
Q032,D2_Staging_Molecular,Easy,heterogeneous,mdt_rag_hetero,gpt-4o-mini,5,5,5,5,0,0,"The AI response accurately reflects the gold-standard recommendations for molecular testing in the context of limited tissue, including prioritization of NGS and liquid biopsy, while ensuring patient safety and adherence to current guidelines."
Q033,D2_Staging_Molecular,Medium,heterogeneous,mdt_zeroshot_hetero,gpt-4o-mini,3,4,4,3,0,0,The response contains some accurate treatment recommendations for EGFR exon 20 insertions but includes unnecessary adjuvant immunotherapy considerations and lacks clarity on the specific role of amivantamab in the context of PD-L1 expression. It does not fully align with current guidelines regarding the treatment of advanced disease.
Q033,D2_Staging_Molecular,Medium,heterogeneous,mdt_rag_hetero,gpt-4o-mini,5,5,5,5,0,0,"The AI response accurately reflects the treatment implications of EGFR exon 20 insertions, aligns with current guidelines, and provides a comprehensive treatment plan without any harmful recommendations or hallucinations."
Q034,D2_Staging_Molecular,Medium,heterogeneous,mdt_zeroshot_hetero,gpt-4o-mini,5,5,5,5,0,0,"The AI response accurately reflects the necessity of tissue re-biopsy and comprehensive molecular profiling, aligns with current guidelines, and does not contain any harmful recommendations or hallucinations."
Q034,D2_Staging_Molecular,Medium,heterogeneous,mdt_rag_hetero,gpt-4o-mini,5,5,5,5,0,0,"The AI response accurately reflects the guidelines regarding the unreliability of a negative liquid biopsy, emphasizes the need for tissue re-biopsy, and appropriately delays systemic therapy while awaiting molecular results, ensuring patient safety and adherence to current standards."
Q035,D2_Staging_Molecular,Hard,heterogeneous,mdt_zeroshot_hetero,gpt-4o-mini,5,5,5,5,0,0,"The AI response accurately reflects the current understanding and treatment recommendations for co-occurring EGFR and MET alterations in NSCLC, aligning with guidelines and providing a comprehensive treatment plan without any harmful suggestions."
Q035,D2_Staging_Molecular,Hard,heterogeneous,mdt_rag_hetero,gpt-4o-mini,5,5,5,5,0,0,"The AI response accurately reflects the current understanding and treatment recommendations for co-occurring EGFR and MET alterations in NSCLC, aligning with guidelines and providing a comprehensive treatment plan without any harmful suggestions."
Q036,D2_Staging_Molecular,Hard,heterogeneous,mdt_zeroshot_hetero,gpt-4o-mini,5,5,5,5,0,0,"The AI response accurately characterizes the adrenal lesion and aligns with the gold-standard answer regarding the need for imaging and biopsy, staging implications, and treatment options based on the characterization results. It adheres to current guidelines without any harmful recommendations or hallucinations."
Q036,D2_Staging_Molecular,Hard,heterogeneous,mdt_rag_hetero,gpt-4o-mini,5,5,5,5,0,0,"The AI response accurately reflects the need for characterization of the adrenal lesion, aligns with guidelines regarding staging implications, and provides a comprehensive diagnostic and treatment plan without any harmful recommendations or hallucinations."
Q037,D2_Staging_Molecular,Easy,heterogeneous,mdt_zeroshot_hetero,gpt-4o-mini,1,2,5,1,1,0,"The AI response incorrectly stages the patient as IA3 (cT1cN0M0) instead of the correct cT2aN0M0 (stage IB), which is a major factual error. It also fails to adequately address the necessity of invasive mediastinal staging for tumors >3cm, which is critical for accurate staging and management."
Q037,D2_Staging_Molecular,Easy,heterogeneous,mdt_rag_hetero,gpt-4o-mini,5,5,5,5,0,0,"The AI response accurately reflects the clinical stage and necessary additional staging procedures according to current guidelines, covering all key points including the rationale for invasive mediastinal staging and comprehensive biomarker testing. There are no harmful recommendations or hallucinations present."
Q038,D2_Staging_Molecular,Medium,heterogeneous,mdt_zeroshot_hetero,gpt-4o-mini,4,4,5,4,0,0,"The AI response accurately identifies ROS1 TKI as the first-line treatment and correctly prioritizes targeted therapy over immunotherapy. However, it overemphasizes repotrectinib without adequately addressing the established role of crizotinib and entrectinib, which are also standard options. The completeness is slightly lacking in the discussion of CNS monitoring and the importance of baseline imaging, but overall, it is safe and aligns well with guidelines."
Q038,D2_Staging_Molecular,Medium,heterogeneous,mdt_rag_hetero,gpt-4o-mini,4,4,5,4,0,0,"The response accurately identifies ROS1-targeted therapy as the first-line treatment and discusses the role of PD-L1 expression appropriately. However, it overemphasizes repotrectinib and taletrectinib without adequately addressing the established role of crizotinib and entrectinib, which are also guideline-recommended options. Overall, it is mostly complete and safe, with no hallucinations or safety violations."
Q039,D2_Staging_Molecular,Hard,heterogeneous,mdt_zeroshot_hetero,gpt-4o-mini,5,5,5,5,0,0,"The AI response accurately reflects the management of co-occurring NTRK fusion and KRAS mutation in NSCLC, aligning with current guidelines and providing a comprehensive treatment plan without any harmful recommendations or fabricated information."
Q039,D2_Staging_Molecular,Hard,heterogeneous,mdt_rag_hetero,gpt-4o-mini,5,5,5,5,0,0,"The AI response accurately reflects the management of co-occurring NTRK fusion and KRAS mutation in NSCLC, aligning with current guidelines and providing a comprehensive treatment plan without any harmful recommendations."
Q040,D3_First_Line,Easy,heterogeneous,mdt_zeroshot_hetero,gpt-4o-mini,5,5,5,5,0,0,"The AI response accurately reflects the recommended first-line treatment for stage IV squamous NSCLC with PD-L1 TPS of 25%, aligning with current guidelines and providing comprehensive details on treatment options and evidence. There are no safety concerns or hallucinations present."
Q040,D3_First_Line,Easy,heterogeneous,mdt_rag_hetero,gpt-4o-mini,5,5,5,5,0,0,"The AI response accurately reflects the recommended first-line treatment for stage IV squamous NSCLC with PD-L1 TPS of 25%, aligning with current guidelines and providing a comprehensive treatment plan without any safety concerns."
Q041,D3_First_Line,Easy,heterogeneous,mdt_zeroshot_hetero,gpt-4o-mini,5,5,5,5,0,0,"The AI response accurately reflects the preferred first-line therapy for ALK-positive lung adenocarcinoma, aligns with current guidelines, and provides a comprehensive overview of treatment options and rationale without any harmful recommendations."
Q041,D3_First_Line,Easy,heterogeneous,mdt_rag_hetero,gpt-4o-mini,5,5,5,5,0,0,"The AI response accurately reflects the preferred first-line therapy for ALK-positive lung adenocarcinoma, aligns with current guidelines, and provides a comprehensive treatment plan without any harmful recommendations or hallucinations."
Q042,D3_First_Line,Medium,heterogeneous,mdt_zeroshot_hetero,gpt-4o-mini,5,5,5,5,0,0,"The AI response accurately reflects the optimal first-line treatment for BRAF V600E-mutant NSCLC, including the recommended regimen of dabrafenib and trametinib, and aligns with current guidelines. It covers all key clinical points, including rationale for treatment choice, monitoring, and safety considerations without any harmful recommendations."
Q042,D3_First_Line,Medium,heterogeneous,mdt_rag_hetero,gpt-4o-mini,4,4,5,4,0,0,"The AI response accurately identifies dabrafenib and trametinib as the preferred first-line treatment for BRAF V600E-mutant NSCLC, but it incorrectly suggests binimetinib/encorafenib as an equivalent preferred option without sufficient evidence. It covers key clinical points but lacks some nuances regarding the choice between targeted therapy and chemo-immunotherapy."
Q043,D3_First_Line,Medium,heterogeneous,mdt_zeroshot_hetero,gpt-4o-mini,5,5,5,5,0,0,"The AI response accurately reflects the current treatment strategies for stage IIIA N2 NSCLC, including neoadjuvant chemoimmunotherapy, surgical resection, and adjuvant immunotherapy, aligning with established guidelines. It covers all key clinical points and does not contain any harmful recommendations or hallucinations."
Q043,D3_First_Line,Medium,heterogeneous,mdt_rag_hetero,gpt-4o-mini,5,5,5,5,0,0,"The AI response accurately reflects the current treatment strategies for stage IIIA N2 NSCLC, including neoadjuvant chemo-immunotherapy followed by surgery and adjuvant therapy, aligning with established guidelines. It covers all key clinical points and does not present any harmful recommendations."
Q044,D3_First_Line,Hard,heterogeneous,mdt_zeroshot_hetero,gpt-4o-mini,4,4,5,4,0,0,"The AI response accurately discusses high-dose osimertinib and its rationale, but it lacks mention of the potential role of intrathecal chemotherapy in specific scenarios, which is noted in the gold standard. Overall, it aligns well with guidelines but could improve on completeness regarding monitoring and supportive care."
Q044,D3_First_Line,Hard,heterogeneous,mdt_rag_hetero,gpt-4o-mini,4,5,5,4,0,0,"The AI response accurately recommends osimertinib and discusses local therapy options, but the use of 160 mg daily is not standard and lacks sufficient evidence in the context of NCCN guidelines, which may lead to a slight inaccuracy. However, it covers all key clinical points comprehensively and safely."
Q045,D3_First_Line,Hard,heterogeneous,mdt_zeroshot_hetero,gpt-4o-mini,5,5,5,5,0,0,"The AI response accurately reflects the clinical considerations for immunotherapy in a patient with well-controlled ulcerative colitis, aligns with current guidelines, and includes comprehensive risk mitigation strategies without any harmful recommendations."
Q045,D3_First_Line,Hard,heterogeneous,mdt_rag_hetero,gpt-4o-mini,5,5,5,5,0,0,"The AI response accurately reflects the guidelines regarding the use of immunotherapy in patients with well-controlled autoimmune disease, provides a comprehensive treatment plan, and emphasizes safety measures, aligning perfectly with the gold-standard answer."
Q046,D3_First_Line,Medium,heterogeneous,mdt_zeroshot_hetero,gpt-4o-mini,2,3,5,2,0,0,"The AI response incorrectly prioritizes concurrent chemoradiotherapy as the primary treatment for early-stage SCLC, which contradicts the gold-standard recommendation for surgical resection. While it discusses surgery as an alternative, it does not emphasize the surgical approach as the primary treatment, leading to inaccuracies in treatment recommendations."
Q046,D3_First_Line,Medium,heterogeneous,mdt_rag_hetero,gpt-4o-mini,5,5,5,5,0,0,"The AI response accurately reflects the treatment approach for limited-stage SCLC, including necessary staging, surgical options, adjuvant therapy, and considerations for PCI, aligning well with current guidelines. It covers all key clinical points without any harmful recommendations or hallucinations."
Q047,D3_First_Line,Hard,heterogeneous,mdt_zeroshot_hetero,gpt-4o-mini,4,5,5,4,0,0,"The response accurately addresses the management of RET-positive NSCLC during pregnancy, covering key points such as the contraindication of RET inhibitors, the timing of chemotherapy, and the need for multidisciplinary input. However, it slightly deviates from the gold standard by suggesting specific chemotherapy regimens without explicitly stating the need for close monitoring and potential risks associated with first-trimester treatment, which could affect the accuracy score."
Q047,D3_First_Line,Hard,heterogeneous,mdt_rag_hetero,gpt-4o-mini,4,4,5,4,0,0,"The AI response accurately identifies the contraindications of RET inhibitors during pregnancy and discusses chemotherapy options, but it lacks some details on the timing and specifics of treatment initiation and monitoring. Overall, it aligns well with guidelines but could improve in completeness regarding the risks of delaying treatment."
Q048,D4_Subsequent_Resistance,Easy,heterogeneous,mdt_zeroshot_hetero,gpt-4o-mini,5,5,5,5,0,0,"The AI response accurately reflects the standard second-line therapy for stage IV NSCLC after progression on first-line therapy, including the use of docetaxel and ramucirumab, and provides a comprehensive treatment plan with appropriate supportive care and monitoring. It aligns perfectly with current guidelines and does not contain any harmful recommendations."
Q048,D4_Subsequent_Resistance,Easy,heterogeneous,mdt_rag_hetero,gpt-4o-mini,5,5,5,5,0,0,"The AI response accurately reflects the standard second-line therapy for stage IV NSCLC after progression on an ICI-containing regimen, including appropriate dosing and rationale based on current guidelines. It covers all key points, including alternative options and the role of clinical trials, without any harmful recommendations."
Q049,D4_Subsequent_Resistance,Easy,heterogeneous,mdt_zeroshot_hetero,gpt-4o-mini,5,5,5,5,0,0,"The AI response accurately identifies Sotorasib and Adagrasib as appropriate targeted therapies for KRAS G12C mutation in NSCLC, aligns with current guidelines, and provides comprehensive details on dosing, monitoring, and safety, with no harmful recommendations."
Q049,D4_Subsequent_Resistance,Easy,heterogeneous,mdt_rag_hetero,gpt-4o-mini,5,5,5,5,0,0,"The AI response accurately identifies sotorasib as the preferred targeted therapy for KRAS G12C mutation in NSCLC, aligns with current guidelines, and provides comprehensive details on dosing, rationale, and safety monitoring without any harmful recommendations or hallucinations."
Q050,D4_Subsequent_Resistance,Medium,heterogeneous,mdt_zeroshot_hetero,gpt-4o-mini,4,4,5,4,0,0,"The AI response is mostly accurate and aligns well with the gold standard, but it introduces a tissue re-biopsy step that, while potentially beneficial, is not explicitly stated in the gold standard answer. It covers key clinical points and does not contain harmful recommendations."
Q050,D4_Subsequent_Resistance,Medium,heterogeneous,mdt_rag_hetero,gpt-4o-mini,5,5,5,5,0,0,"The AI response accurately reflects the gold-standard management of oligoprogression on osimertinib, including local ablative therapy options and the continuation of osimertinib, while adhering to current guidelines and ensuring patient safety."
Q051,D4_Subsequent_Resistance,Medium,heterogeneous,mdt_zeroshot_hetero,gpt-4o-mini,5,5,5,5,0,0,"The AI response accurately reflects the current guidelines for third-line treatment options in NSCLC, including the importance of molecular re-evaluation and appropriate treatment recommendations based on actionable mutations. It covers all key points from the gold-standard answer without any harmful suggestions or hallucinations."
Q051,D4_Subsequent_Resistance,Medium,heterogeneous,mdt_rag_hetero,gpt-4o-mini,4,4,5,4,0,0,"The AI response accurately identifies pemetrexed as a third-line option and discusses alternative options, but it lacks mention of the importance of re-evaluating for actionable mutations and clinical trial enrollment, which are critical components of the gold-standard answer."
Q052,D4_Subsequent_Resistance,Hard,heterogeneous,mdt_zeroshot_hetero,gpt-4o-mini,5,5,5,5,0,0,"The AI response accurately reflects the current treatment landscape for EGFR C797S in cis configuration, aligns with guidelines, and provides comprehensive treatment options without any harmful recommendations."
Q052,D4_Subsequent_Resistance,Hard,heterogeneous,mdt_rag_hetero,gpt-4o-mini,3,4,4,3,0,0,"The AI response includes some accurate treatment options but incorrectly prioritizes datopotamab deruxtecan, which is not established for C797S in cis. It covers alternative options and clinical trial enrollment well, but lacks clarity on the limitations of the recommended therapies in this specific resistance context."
Q053,D4_Subsequent_Resistance,Hard,heterogeneous,mdt_zeroshot_hetero,gpt-4o-mini,5,5,5,5,0,0,"The AI response accurately reflects the current treatment landscape for ALK+ NSCLC with compound mutations, prioritizing clinical trial enrollment and providing a comprehensive treatment plan that aligns with established guidelines. There are no harmful recommendations or hallucinations present."
Q053,D4_Subsequent_Resistance,Hard,heterogeneous,mdt_rag_hetero,gpt-4o-mini,5,5,5,5,0,0,"The AI response accurately reflects the current treatment landscape for ALK-rearranged NSCLC with compound mutations, aligns with guidelines, and emphasizes clinical trial enrollment as a priority. It also appropriately discusses chemotherapy options and local therapy considerations without any harmful recommendations."
Q054,D4_Subsequent_Resistance,Medium,heterogeneous,mdt_zeroshot_hetero,gpt-4o-mini,5,5,5,5,0,0,"The AI response accurately reflects the current guidelines regarding the discontinuation of pembrolizumab after 24 months in patients with sustained complete response, covering all key clinical points and ensuring patient safety without any harmful recommendations."
Q054,D4_Subsequent_Resistance,Medium,heterogeneous,mdt_rag_hetero,gpt-4o-mini,5,5,5,5,0,0,"The AI response accurately reflects the guidelines regarding the duration of pembrolizumab treatment, covers all key clinical points, and emphasizes the importance of monitoring and patient education, aligning perfectly with the gold-standard answer."
Q055,D5_Adverse_Events,Easy,heterogeneous,mdt_zeroshot_hetero,gpt-4o-mini,5,5,5,5,0,0,"The AI response accurately reflects the management of Grade 2 immune-related dermatologic toxicity according to current guidelines, covering all key aspects including management of atezolizumab, topical treatments, monitoring, and escalation criteria without any harmful recommendations or hallucinations."
Q055,D5_Adverse_Events,Easy,heterogeneous,mdt_rag_hetero,gpt-4o-mini,5,5,5,5,0,0,"The AI response accurately reflects the management of Grade 2 immune-related dermatologic toxicity according to current guidelines, covering all key aspects of treatment, monitoring, and safety without any harmful recommendations or hallucinations."
Q056,D5_Adverse_Events,Easy,heterogeneous,mdt_zeroshot_hetero,gpt-4o-mini,4,4,4,4,0,0,"The AI response is largely accurate and aligns with guidelines, but it incorrectly suggests mandatory oral antibiotics for Grade 2 rash, which is not standard practice. It covers most key points but misses the emphasis on topical treatments as first-line therapy before considering oral antibiotics."
Q056,D5_Adverse_Events,Easy,heterogeneous,mdt_rag_hetero,gpt-4o-mini,4,4,5,4,0,0,"The AI response accurately reflects the management of EGFR TKI-related skin toxicity, with minor deviations in topical therapy recommendations. It covers key points but could improve by explicitly stating the correlation between rash and treatment efficacy. Overall, it aligns well with guidelines and poses no safety concerns."
Q057,D5_Adverse_Events,Medium,heterogeneous,mdt_zeroshot_hetero,gpt-4o-mini,5,5,5,5,0,0,"The AI response accurately identifies the diagnosis of immune-related adrenal insufficiency and provides a comprehensive management plan that aligns with current guidelines, including immediate treatment, monitoring, and long-term management strategies. There are no factual inaccuracies or safety violations present."
Q057,D5_Adverse_Events,Medium,heterogeneous,mdt_rag_hetero,gpt-4o-mini,5,5,5,5,0,0,"The AI response accurately identifies the diagnosis of primary adrenal insufficiency and provides a comprehensive management plan that aligns with current guidelines, including immediate interventions and long-term management strategies. There are no factual inaccuracies or safety violations present."
Q058,D5_Adverse_Events,Medium,heterogeneous,mdt_zeroshot_hetero,gpt-4o-mini,5,5,5,5,0,0,"The AI response accurately identifies osimertinib-induced ILD, provides a comprehensive management plan consistent with guidelines, and includes necessary diagnostic workup and monitoring protocols without any harmful recommendations."
Q058,D5_Adverse_Events,Medium,heterogeneous,mdt_rag_hetero,gpt-4o-mini,4,4,5,4,0,0,"The AI response accurately identifies osimertinib-related ILD and provides a management plan that is mostly aligned with guidelines, though the corticosteroid dosing is slightly lower than the recommended range for Grade 2 ILD. It covers key clinical points and does not contain harmful recommendations."
Q059,D5_Adverse_Events,Hard,heterogeneous,mdt_zeroshot_hetero,gpt-4o-mini,5,5,5,5,0,0,"The AI response accurately identifies the diagnosis of immune-related meningitis/encephalitis and provides a comprehensive management plan that aligns with current guidelines, including appropriate steroid dosing, monitoring, and multidisciplinary consultation. There are no factual inaccuracies or safety violations present."
Q059,D5_Adverse_Events,Hard,heterogeneous,mdt_rag_hetero,gpt-4o-mini,5,5,5,5,0,0,"The AI response accurately identifies the diagnosis of immune-related meningitis and provides a comprehensive management plan that aligns with current guidelines, including appropriate steroid dosing and monitoring strategies, without any harmful recommendations."
Q060,D5_Adverse_Events,Hard,heterogeneous,mdt_zeroshot_hetero,gpt-4o-mini,4,4,5,4,0,0,"The AI response accurately addresses the management of metabolic and CNS side effects of lorlatinib, including appropriate interventions for hyperlipidemia and hyperglycemia. However, it lacks some details on monitoring and patient education, which are emphasized in the gold-standard answer."
Q060,D5_Adverse_Events,Hard,heterogeneous,mdt_rag_hetero,gpt-4o-mini,4,4,4,4,0,0,"The AI response accurately addresses the management of metabolic and CNS side effects associated with lorlatinib, with minor omissions in the monitoring frequency for glucose and lipids. It aligns well with guidelines but lacks some detail on the management of severe CNS effects and the importance of patient education."
Q061,D5_Adverse_Events,Medium,heterogeneous,mdt_zeroshot_hetero,gpt-4o-mini,5,5,5,5,0,0,"The AI response accurately reflects the management of febrile neutropenia and subsequent treatment modifications according to established guidelines, covering all key points without any harmful recommendations or hallucinations."
Q061,D5_Adverse_Events,Medium,heterogeneous,mdt_rag_hetero,gpt-4o-mini,5,5,5,5,0,0,"The AI response accurately reflects the management of febrile neutropenia and subsequent treatment adjustments in accordance with current guidelines, covering all key points without any harmful recommendations or hallucinations."
Q062,D6_Follow_Up,Easy,heterogeneous,mdt_zeroshot_hetero,gpt-4o-mini,4,5,5,4,0,0,The AI response is mostly accurate but slightly deviates from the gold standard in the imaging schedule (3-4 months instead of 3-6 months). It covers all key points comprehensively and does not contain any harmful recommendations or hallucinations.
Q062,D6_Follow_Up,Easy,heterogeneous,mdt_rag_hetero,gpt-4o-mini,5,5,5,5,0,0,"The AI response accurately reflects the gold-standard recommendations for surveillance after definitive chemoradiation for stage IIIB NSCLC, covering all key points including imaging frequency, brain MRI recommendations, and smoking cessation support, while adhering to current guidelines."
Q063,D6_Follow_Up,Easy,heterogeneous,mdt_zeroshot_hetero,gpt-4o-mini,5,5,5,5,0,0,"The AI response accurately reflects the standard maintenance strategy for stage IV NSCLC following induction therapy, including correct dosing and monitoring recommendations, and aligns with current guidelines without any harmful suggestions or fabricated information."
Q063,D6_Follow_Up,Easy,heterogeneous,mdt_rag_hetero,gpt-4o-mini,5,5,5,5,0,0,"The AI response accurately reflects the standard maintenance strategy for a patient with stage IV NSCLC on pembrolizumab, carboplatin, and pemetrexed, aligning with current guidelines. It covers all key points, including dosing, duration, and supportive care, without any harmful recommendations."
Q064,D6_Follow_Up,Medium,heterogeneous,mdt_zeroshot_hetero,gpt-4o-mini,5,5,5,5,0,0,"The AI response accurately reflects the gold-standard recommendations for managing long-term survivorship in a patient with stage IV EGFR-mutant NSCLC, including the continuation of osimertinib, comprehensive monitoring, and addressing psychological distress. It aligns well with current guidelines and does not contain any harmful recommendations or fabricated information."
Q064,D6_Follow_Up,Medium,heterogeneous,mdt_rag_hetero,gpt-4o-mini,5,5,5,5,0,0,"The AI response accurately reflects the gold-standard recommendations for managing long-term survivorship concerns in a patient with stage IV EGFR-mutant NSCLC on osimertinib, covering all key aspects including psychological support, monitoring, and palliative care integration, in alignment with current guidelines."
Q065,D6_Follow_Up,Medium,heterogeneous,mdt_zeroshot_hetero,gpt-4o-mini,5,5,5,5,0,0,"The AI response accurately reflects the diagnostic and management steps for evaluating a new lung nodule in a patient with a history of NSCLC, aligning closely with the gold-standard answer and current guidelines. It covers all key clinical points, ensuring patient safety and adherence to established protocols."
Q065,D6_Follow_Up,Medium,heterogeneous,mdt_rag_hetero,gpt-4o-mini,5,5,5,5,0,0,"The AI response accurately reflects the diagnostic and management steps for a new contralateral lung nodule in a patient with a history of NSCLC, aligning with current guidelines. It covers all key clinical points, including the need for tissue diagnosis, molecular profiling, and appropriate treatment options based on findings, ensuring patient safety throughout."
Q066,D6_Follow_Up,Hard,heterogeneous,mdt_zeroshot_hetero,gpt-4o-mini,5,5,5,5,0,0,"The AI response accurately reflects the current guidelines regarding adjuvant therapy for stage IA1 NSCLC, including the recommendation for observation only and the rationale for molecular testing. It covers all key clinical points, ensuring patient safety and adherence to established protocols."
Q066,D6_Follow_Up,Hard,heterogeneous,mdt_rag_hetero,gpt-4o-mini,5,5,5,5,0,0,"The AI response accurately reflects the current guidelines regarding adjuvant therapy for stage IA1 NSCLC, provides a comprehensive treatment plan, and emphasizes the importance of molecular profiling and surveillance, all of which align with the gold-standard answer."
Q067,D3_First_Line,Medium,heterogeneous,mdt_zeroshot_hetero,gpt-4o-mini,4,5,5,4,0,0,"The AI response accurately identifies tepotinib and capmatinib as first-line treatments for METex14 skipping mutation-positive NSCLC, but the reported ORR for tepotinib is slightly lower than the gold standard. It comprehensively covers key clinical points and aligns well with guidelines, though it could have emphasized the priority of targeted therapy over PD-L1 status more strongly."
Q067,D3_First_Line,Medium,heterogeneous,mdt_rag_hetero,gpt-4o-mini,5,5,5,5,0,0,"The AI response accurately reflects the recommended first-line treatments for METex14 skipping mutation-positive NSCLC, aligns with current guidelines, and provides a comprehensive treatment plan without any harmful recommendations or hallucinations."
Q068,D4_Subsequent_Resistance,Medium,heterogeneous,mdt_zeroshot_hetero,gpt-4o-mini,5,5,5,5,0,0,"The AI response accurately reflects the gold-standard recommendations for managing progression after osimertinib, including the importance of tissue re-biopsy, interim management strategies, and potential treatment options based on biopsy results. It aligns well with current guidelines and does not contain any harmful recommendations or hallucinations."
Q068,D4_Subsequent_Resistance,Medium,heterogeneous,mdt_rag_hetero,gpt-4o-mini,5,5,5,5,0,0,"The AI response accurately reflects the gold-standard recommendations for managing progression after osimertinib, including the need for tissue re-biopsy, appropriate chemotherapy regimens, and considerations for clinical trials and palliative care, all in alignment with current guidelines."
Q069,D4_Subsequent_Resistance,Hard,heterogeneous,mdt_zeroshot_hetero,gpt-4o-mini,5,5,5,5,0,0,"The AI response accurately reflects the gold-standard recommendations for managing isolated CNS progression in a patient on osimertinib, covering all key points including the use of SRS, continuation of osimertinib, and monitoring strategies, while ensuring patient safety and adherence to guidelines."
Q069,D4_Subsequent_Resistance,Hard,heterogeneous,mdt_rag_hetero,gpt-4o-mini,5,5,5,5,0,0,"The AI response accurately reflects the gold-standard recommendations for managing isolated CNS progression on osimertinib, including the continuation of therapy, use of SRS, and appropriate monitoring strategies, all in alignment with current guidelines."
Q070,D5_Adverse_Events,Easy,heterogeneous,mdt_zeroshot_hetero,gpt-4o-mini,5,5,5,5,0,0,"The AI response accurately reflects the management of immune-related hypothyroidism in the context of durvalumab treatment, aligning with current guidelines and covering all essential aspects of diagnosis, treatment, monitoring, and safety without any harmful recommendations."
Q070,D5_Adverse_Events,Easy,heterogeneous,mdt_rag_hetero,gpt-4o-mini,5,5,5,5,0,0,"The AI response accurately reflects the management of immune-related hypothyroidism according to current guidelines, including appropriate dosing, monitoring, and safety assessments. It covers all key clinical points and does not contain any harmful recommendations or hallucinations."
Q071,D5_Adverse_Events,Medium,heterogeneous,mdt_zeroshot_hetero,gpt-4o-mini,4,4,5,4,0,0,"The AI response is mostly accurate and aligns well with the gold-standard answer, but it suggests permanent discontinuation of pembrolizumab without mentioning the possibility of resuming it after resolution and tapering of steroids, which is a key point in the guidelines. Overall, it covers most important aspects of management and does not contain harmful recommendations."
Q071,D5_Adverse_Events,Medium,heterogeneous,mdt_rag_hetero,gpt-4o-mini,4,4,5,4,0,0,"The AI response accurately addresses the management of immune-related pancreatitis but suggests permanent discontinuation of pembrolizumab, which is not universally mandated in all cases of Grade 3-4. It covers most key points but lacks some details on monitoring and tapering steroids. Overall, it aligns well with guidelines but has minor discrepancies in the interpretation of treatment recommendations."
Q072,D5_Adverse_Events,Hard,heterogeneous,mdt_zeroshot_hetero,gpt-4o-mini,5,5,5,5,0,0,"The AI response accurately identifies the diagnosis of immune-related myocarditis and provides a comprehensive management plan that aligns with current guidelines, including immediate discontinuation of immunotherapy, high-dose corticosteroid therapy, and appropriate monitoring and diagnostic steps. There are no harmful recommendations or hallucinations present."
Q072,D5_Adverse_Events,Hard,heterogeneous,mdt_rag_hetero,gpt-4o-mini,5,5,5,5,0,0,"The AI response accurately identifies the diagnosis of immune-related myocarditis and provides a comprehensive management plan that aligns with current guidelines, including immediate discontinuation of immunotherapy, high-dose corticosteroids, and additional immunosuppressive therapies. There are no harmful recommendations or hallucinations present."
Q073,D6_Follow_Up,Medium,heterogeneous,mdt_zeroshot_hetero,gpt-4o-mini,4,5,5,4,0,0,"The AI response is mostly accurate and covers all key survivorship considerations, but it lacks some specificity in the imaging protocol and does not explicitly mention annual vaccinations, which are important for infection prevention. Overall, it aligns well with guidelines but could improve in precision."
Q073,D6_Follow_Up,Medium,heterogeneous,mdt_rag_hetero,gpt-4o-mini,4,5,5,4,0,0,"The AI response is largely accurate and covers all key survivorship considerations, but it suggests CT imaging every 6 months for the first 5 years, which is not standard; annual surveillance is typically recommended after 3 years. Overall, it aligns well with guidelines and poses no safety concerns."
Q074,D6_Follow_Up,Hard,heterogeneous,mdt_zeroshot_hetero,gpt-4o-mini,5,5,5,5,0,0,"The AI response accurately reflects that ALK rearrangements are somatic mutations and not hereditary, aligns with guidelines for genetic counseling, and addresses the psychosocial aspects of the patient's concerns comprehensively."
Q074,D6_Follow_Up,Hard,heterogeneous,mdt_rag_hetero,gpt-4o-mini,5,5,5,5,0,0,"The AI response accurately reflects that ALK rearrangements are somatic mutations and not hereditary, aligns with the gold-standard answer, and covers all key points regarding genetic counseling and family risk assessment without any harmful recommendations."
Q075,D3_First_Line,Easy,heterogeneous,mdt_zeroshot_hetero,gpt-4o-mini,5,5,5,5,0,0,"The AI response accurately reflects the standard first-line treatment for extensive-stage SCLC, including the correct regimens, expected outcomes, and supportive care measures, all in alignment with current guidelines. There are no factual inaccuracies or safety violations present."
Q075,D3_First_Line,Easy,heterogeneous,mdt_rag_hetero,gpt-4o-mini,5,5,5,5,0,0,"The AI response accurately reflects the current standard of care for extensive-stage SCLC, including the recommended regimen, dosing, and expected outcomes, aligning perfectly with the gold-standard answer and guidelines. It also addresses safety considerations and treatment duration appropriately."
Q076,D1_Diagnosis_Screening,Medium,heterogeneous,mdt_zeroshot_hetero,gpt-4o-mini,5,5,5,5,0,0,"The AI response accurately reflects the complexities of evaluating the lung nodule in the context of the patient's history, including the need for imaging, functional assessments, and tissue diagnosis, all in alignment with current guidelines. There are no inaccuracies or safety violations present."
Q076,D1_Diagnosis_Screening,Medium,heterogeneous,mdt_rag_hetero,gpt-4o-mini,5,5,5,5,0,0,"The AI response accurately reflects the complexities of evaluating the lung nodule in the context of the patient's history, including the need for PET-CT, pulmonary function tests, and tissue diagnosis, all of which align with current guidelines. It also appropriately addresses safety considerations related to bleomycin exposure."
Q077,D2_Staging_Molecular,Medium,heterogeneous,mdt_zeroshot_hetero,gpt-4o-mini,4,4,5,4,0,0,"The response accurately discusses the treatment options for HER2 exon 20 insertion mutations, particularly the use of T-DXd in later lines of therapy. However, it overstates the role of T-DXd as a first-line treatment, which is not yet established in guidelines, and lacks clarity on the absence of approved HER2-targeted therapies in the first-line setting."
Q077,D2_Staging_Molecular,Medium,heterogeneous,mdt_rag_hetero,gpt-4o-mini,2,3,3,2,1,1,"The AI response inaccurately recommends T-DXd as a first-line therapy despite no FDA approval for this indication in NSCLC with HER2 mutations, contradicting guidelines. It also lacks clarity on the distinction between HER2 mutations and amplifications, which is critical for treatment decisions."
Q078,D4_Subsequent_Resistance,Easy,heterogeneous,mdt_zeroshot_hetero,gpt-4o-mini,4,4,5,4,0,0,"The AI response accurately identifies gemcitabine and docetaxel as treatment options, but it slightly misrepresents the rationale for gemcitabine as the primary recommendation over docetaxel, which is not universally favored in guidelines. It covers most key points, including palliative care and molecular profiling, but could have emphasized best supportive care more explicitly."
Q078,D4_Subsequent_Resistance,Easy,heterogeneous,mdt_rag_hetero,gpt-4o-mini,4,4,5,4,0,0,"The AI response accurately identifies docetaxel as a primary treatment option and appropriately discusses the rationale for dose adjustment due to PS 2. However, it could improve by explicitly mentioning best supportive care and the importance of molecular testing, which are key points in the gold-standard answer."
Q079,D6_Follow_Up,Hard,heterogeneous,mdt_zeroshot_hetero,gpt-4o-mini,5,5,5,5,0,0,"The AI response accurately reflects the necessary diagnostic and treatment steps for managing recurrence after immunotherapy discontinuation, aligning closely with current guidelines. It covers all key clinical points, ensuring patient safety and adherence to evidence-based practices."
Q079,D6_Follow_Up,Hard,heterogeneous,mdt_rag_hetero,gpt-4o-mini,5,5,5,5,0,0,"The AI response accurately reflects the gold-standard recommendations for managing recurrence after immunotherapy discontinuation, including necessary diagnostic steps, treatment options, and alignment with current guidelines. It covers all key clinical points without any harmful suggestions or fabricated information."
Q080,D3_First_Line,Medium,heterogeneous,mdt_zeroshot_hetero,gpt-4o-mini,4,4,5,4,0,0,"The AI response is mostly accurate and aligns well with guidelines, but it suggests a combination therapy approach that is not the preferred first-line treatment for PD-L1 TPS ≥50%. It covers key points regarding local consolidative therapy and monitoring, but could improve by explicitly stating the rationale for the choice of systemic therapy in the context of oligometastatic disease."
Q080,D3_First_Line,Medium,heterogeneous,mdt_rag_hetero,gpt-4o-mini,3,4,5,3,0,0,"The AI response contains some accurate information regarding the use of pembrolizumab and the rationale for local consolidative therapy (LCT), but it incorrectly suggests deferring routine LCT based on emerging data without adequately addressing the established benefits shown in prior trials. It covers most key points but misses some nuances regarding the timing and selection of LCT, leading to a lower score in accuracy and concordance."
Q081,D1_Diagnosis_Screening,Easy,heterogeneous,mdt_zeroshot_hetero,gpt-4o-mini,2,3,5,2,0,0,"The AI response inaccurately recommends a short-interval follow-up at 3 months for a 5mm GGN, which contradicts the gold-standard guidelines that suggest no short-interval follow-up is necessary for pure GGNs <6mm. While it covers some aspects of management, it misses key points regarding the low malignancy risk and the appropriate follow-up protocol."
Q081,D1_Diagnosis_Screening,Easy,heterogeneous,mdt_rag_hetero,gpt-4o-mini,4,4,5,4,0,0,"The AI response is mostly accurate and aligns with guidelines, but it incorrectly suggests a 6-month follow-up for a 5mm GGN instead of the recommended annual screening without short-interval follow-up. It covers key points well but could improve on the rationale for monitoring and the specific follow-up intervals."
Q082,D2_Staging_Molecular,Hard,heterogeneous,mdt_zeroshot_hetero,gpt-4o-mini,5,5,5,5,0,0,"The AI response accurately reflects the current guidelines for adjuvant osimertinib in this patient population, covering all key clinical points including treatment duration, monitoring, and rationale based on the ADAURA trial. There are no factual inaccuracies or safety concerns present."
Q082,D2_Staging_Molecular,Hard,heterogeneous,mdt_rag_hetero,gpt-4o-mini,5,5,5,5,0,0,"The AI response accurately reflects the current guidelines for adjuvant osimertinib in this patient population, covering all key clinical points including treatment duration, monitoring, and the rationale for therapy. There are no factual inaccuracies or safety violations present."
Q083,D3_First_Line,Hard,heterogeneous,mdt_zeroshot_hetero,gpt-4o-mini,5,5,5,5,0,0,"The AI response accurately reflects the gold-standard recommendations for managing a symptomatic patient with poor performance status due to reversible causes, covering all key clinical points and aligning with current guidelines without any harmful suggestions or hallucinations."
Q083,D3_First_Line,Hard,heterogeneous,mdt_rag_hetero,gpt-4o-mini,5,5,5,5,0,0,"The AI response accurately reflects the gold-standard management for a symptomatic patient with poor performance status due to reversible causes, including appropriate interventions and systemic therapy options aligned with current guidelines."
Q084,D4_Subsequent_Resistance,Medium,heterogeneous,mdt_zeroshot_hetero,gpt-4o-mini,5,5,5,5,0,0,"The AI response accurately reflects the current guidelines for managing NSCLC with METex14 skipping mutation after MET inhibitor progression, covering all key points including re-biopsy, treatment options based on resistance mechanisms, and safety considerations. There are no hallucinations or safety violations present."
Q084,D4_Subsequent_Resistance,Medium,heterogeneous,mdt_rag_hetero,gpt-4o-mini,5,5,5,5,0,0,"The AI response accurately reflects the gold-standard recommendations for post-MET inhibitor progression, including the importance of re-biopsy, appropriate chemotherapy regimens based on PD-L1 status, and alternative options. It adheres to current guidelines without any harmful suggestions or fabricated information."
Q085,D5_Adverse_Events,Easy,heterogeneous,mdt_zeroshot_hetero,gpt-4o-mini,5,5,5,5,0,0,"The AI response accurately reflects the management of crizotinib-related visual disturbances, aligns with current guidelines, and includes comprehensive recommendations for patient reassurance, monitoring, and safety precautions without any harmful suggestions."
Q085,D5_Adverse_Events,Easy,heterogeneous,mdt_rag_hetero,gpt-4o-mini,3,4,4,3,0,0,"The response includes some accurate points about the management of crizotinib-related visual disturbances but introduces unnecessary diagnostic imaging and consultations that are not typically warranted for benign visual effects. While it covers many aspects of management, it does not fully align with the gold standard's emphasis on reassurance and monitoring without extensive workup unless severe symptoms arise."
Q086,D6_Follow_Up,Medium,heterogeneous,mdt_zeroshot_hetero,gpt-4o-mini,2,3,5,2,0,1,"The AI response inaccurately recommends observation without adjuvant nivolumab, contradicting current guidelines that recommend adjuvant nivolumab for patients with MPR. While it discusses the significance of MPR, it fails to adequately address the necessity of adjuvant therapy and the potential benefits, leading to a significant safety violation by suggesting a treatment plan that could compromise patient outcomes."
Q086,D6_Follow_Up,Medium,heterogeneous,mdt_rag_hetero,gpt-4o-mini,3,4,5,3,0,0,"The AI response presents a reasonable discussion of treatment options but lacks clarity on the definitive recommendation for adjuvant nivolumab, which is supported by guidelines. It also introduces unnecessary complexity regarding shared decision-making without emphasizing the guideline-recommended approach."
Q087,D3_First_Line,Medium,heterogeneous,mdt_zeroshot_hetero,gpt-4o-mini,5,5,5,5,0,0,"The AI response accurately reflects the current guidelines for treating stage IV NSCLC with PD-L1 <1%, including appropriate regimens and rationale for combination therapy. It covers all key clinical points and aligns perfectly with NCCN/ESMO recommendations without any harmful suggestions or hallucinations."
Q087,D3_First_Line,Medium,heterogeneous,mdt_rag_hetero,gpt-4o-mini,5,5,5,5,0,0,"The AI response accurately reflects the current guidelines for treating PD-L1 negative NSCLC, including the appropriate use of combination immunotherapy and the rationale for its selection. It covers all key clinical points and does not contain any harmful recommendations or hallucinations."
Q088,D4_Subsequent_Resistance,Hard,heterogeneous,mdt_zeroshot_hetero,gpt-4o-mini,5,5,5,5,0,0,"The AI response accurately reflects the recommended approach for MET amplification-mediated osimertinib resistance, covering all key points from the gold-standard answer, including preferred combinations and alternative strategies, while ensuring patient safety and adherence to current guidelines."
Q088,D4_Subsequent_Resistance,Hard,heterogeneous,mdt_rag_hetero,gpt-4o-mini,2,3,3,2,0,1,"The AI response inaccurately recommends amivantamab combined with carboplatin and pemetrexed as the primary treatment, which is not supported by current guidelines for MET amplification-mediated osimertinib resistance. It also fails to address the continuation of osimertinib appropriately, which is a critical aspect of management in this scenario."
Q089,D5_Adverse_Events,Medium,heterogeneous,mdt_zeroshot_hetero,gpt-4o-mini,4,4,5,4,0,0,"The AI response accurately covers the immediate management of DKA and the need to hold pembrolizumab, but it lacks clarity on the irreversibility of type 1 diabetes and the specific recommendation against steroids. It also presents a consensus decision on re-challenging pembrolizumab that is not fully aligned with the gold standard, which recommends permanent discontinuation for Grade 4 irAEs."
Q089,D5_Adverse_Events,Medium,heterogeneous,mdt_rag_hetero,gpt-4o-mini,5,5,5,5,0,0,"The AI response accurately reflects the management of immune-related type 1 diabetes with DKA, covering all critical aspects including immediate management, diagnostic confirmation, and long-term insulin therapy, in alignment with current guidelines."
Q090,D6_Follow_Up,Easy,heterogeneous,mdt_zeroshot_hetero,gpt-4o-mini,5,5,5,5,0,0,"The AI response accurately reflects the gold-standard recommendations for ongoing surveillance and cancer prevention measures for a patient 5 years post-lobectomy for NSCLC, aligning with current guidelines and providing comprehensive coverage of key clinical points without any harmful suggestions."
Q090,D6_Follow_Up,Easy,heterogeneous,mdt_rag_hetero,gpt-4o-mini,5,5,5,5,0,0,"The AI response accurately reflects the ongoing surveillance and cancer prevention measures recommended for a patient 5 years post-lobectomy for stage IB NSCLC, aligning perfectly with the gold-standard answer and current guidelines. It covers all key points without any harmful recommendations or fabricated information."
Q091,D1_Diagnosis_Screening,Hard,heterogeneous,mdt_zeroshot_hetero,gpt-4o-mini,5,5,5,5,0,0,"The AI response accurately reflects the management of concurrent PE and suspicious lung nodule, aligning with current guidelines and providing a comprehensive treatment plan without any harmful recommendations or hallucinations."
Q091,D1_Diagnosis_Screening,Hard,heterogeneous,mdt_rag_hetero,gpt-4o-mini,5,5,5,5,0,0,"The AI response accurately reflects the management of concurrent PE and suspicious lung nodule, aligning with current guidelines. It covers all key clinical points, including anticoagulation, diagnostic workup, and tissue diagnosis, without any harmful recommendations or hallucinations."
Q092,D2_Staging_Molecular,Medium,heterogeneous,mdt_zeroshot_hetero,gpt-4o-mini,5,5,5,5,0,0,"The AI response accurately reflects the urgency of treatment initiation for symptomatic patients, aligns with current guidelines regarding chemotherapy and targeted therapy, and includes comprehensive management strategies for symptom relief. There are no factual inaccuracies or safety violations present."
Q092,D2_Staging_Molecular,Medium,heterogeneous,mdt_rag_hetero,gpt-4o-mini,5,5,5,5,0,0,"The AI response accurately reflects the urgency of treatment initiation for a symptomatic patient with stage IV NSCLC, aligns with current guidelines regarding the withholding of immunotherapy, and provides a comprehensive treatment plan that prioritizes patient safety and optimal outcomes."
Q093,D3_First_Line,Hard,heterogeneous,mdt_zeroshot_hetero,gpt-4o-mini,5,5,5,5,0,0,"The AI response accurately reflects the current understanding and treatment recommendations for uncommon EGFR mutations, particularly G719A, aligning with the gold-standard answer and relevant guidelines. It covers all key aspects of treatment, including the rationale for drug choice and safety considerations, without any harmful recommendations."
Q093,D3_First_Line,Hard,heterogeneous,mdt_rag_hetero,gpt-4o-mini,5,5,5,5,0,0,"The AI response accurately reflects the current guidelines for treating uncommon EGFR mutations, particularly G719A, and provides a comprehensive treatment plan that prioritizes afatinib and appropriately addresses the role of PD-L1 expression and immunotherapy. There are no factual inaccuracies or safety concerns present."
Q094,D5_Adverse_Events,Hard,heterogeneous,mdt_zeroshot_hetero,gpt-4o-mini,4,4,4,4,0,0,"The AI response accurately identifies alectinib-induced bradycardia and edema, but it lacks some specific management details and nuances present in the gold-standard answer, such as the exact criteria for holding alectinib and the specific recommendations for ECG monitoring. Overall, it is mostly correct and aligns well with guidelines, but minor omissions prevent a perfect score."
Q094,D5_Adverse_Events,Hard,heterogeneous,mdt_rag_hetero,gpt-4o-mini,5,5,5,5,0,0,"The AI response accurately identifies alectinib-induced bradycardia and edema, provides a comprehensive management plan consistent with guidelines, and includes appropriate monitoring and safety measures without any harmful recommendations."
Q095,D6_Follow_Up,Hard,heterogeneous,mdt_zeroshot_hetero,gpt-4o-mini,4,4,5,4,0,0,"The AI response accurately emphasizes the need for tissue diagnosis and provides a detailed diagnostic algorithm, but it slightly underrepresents the importance of serial imaging and specific features of radiation changes versus recurrence. Overall, it aligns well with guidelines and does not present any harmful recommendations."
Q095,D6_Follow_Up,Hard,heterogeneous,mdt_rag_hetero,gpt-4o-mini,5,5,5,5,0,0,"The AI response accurately reflects the key diagnostic and treatment recommendations from the gold-standard answer, including the necessity of biopsy, imaging strategies, and treatment algorithms based on biopsy results, all in alignment with current guidelines."
Q096,D3_First_Line,Hard,heterogeneous,mdt_zeroshot_hetero,gpt-4o-mini,5,5,5,5,0,0,"The AI response accurately reflects the gold-standard answer, providing correct treatment recommendations for the patient's condition, addressing renal safety, and ensuring comprehensive monitoring and supportive care plans. It aligns perfectly with current guidelines without any harmful suggestions or fabricated information."
Q096,D3_First_Line,Hard,heterogeneous,mdt_rag_hetero,gpt-4o-mini,3,4,3,3,0,1,"The AI response inaccurately recommends a dose adjustment of osimertinib to 40 mg daily for severe renal impairment, which is not supported by current guidelines. While it correctly identifies osimertinib as the preferred treatment, the proposed dosing is not aligned with the FDA recommendations, which state that no dose adjustment is necessary for renal impairment. Additionally, the response lacks a thorough discussion of monitoring for specific toxicities associated with osimertinib."
Q097,D4_Subsequent_Resistance,Medium,heterogeneous,mdt_zeroshot_hetero,gpt-4o-mini,5,5,5,5,0,0,"The AI response accurately reflects the clinical implications of the PD-L1 change and provides a comprehensive treatment plan that aligns with current guidelines, including appropriate molecular profiling and chemotherapy regimens. There are no factual inaccuracies or safety violations present."
Q097,D4_Subsequent_Resistance,Medium,heterogeneous,mdt_rag_hetero,gpt-4o-mini,5,5,5,5,0,0,"The AI response accurately reflects the clinical scenario and provides a comprehensive treatment plan that aligns with current guidelines, including the rationale for molecular profiling and systemic therapy options. There are no factual inaccuracies or safety violations present."
Q098,D5_Adverse_Events,Medium,heterogeneous,mdt_zeroshot_hetero,gpt-4o-mini,5,5,5,5,0,0,"The AI response accurately reflects the management of sotorasib-related hepatotoxicity, covering all key points from the gold-standard answer, including immediate discontinuation, comprehensive workup, monitoring, and rechallenge criteria, all in alignment with current guidelines."
Q098,D5_Adverse_Events,Medium,heterogeneous,mdt_rag_hetero,gpt-4o-mini,4,4,4,4,0,0,"The AI response accurately captures the immediate management steps and diagnostic workup for sotorasib-related hepatotoxicity, but it introduces a conditional corticosteroid use that is not standard practice for this type of hepatotoxicity, which slightly detracts from its accuracy and safety. Overall, it aligns well with guidelines but lacks some clarity on the definitive management approach."
Q099,D6_Follow_Up,Medium,heterogeneous,mdt_zeroshot_hetero,gpt-4o-mini,4,4,5,4,0,0,"The AI response accurately outlines the diagnostic workup and management of a new contralateral nodule during adjuvant immunotherapy, but it lacks some details on the importance of pseudoprogression and the specific timing for follow-up imaging. Overall, it is mostly aligned with guidelines and does not present any harmful recommendations."
Q099,D6_Follow_Up,Medium,heterogeneous,mdt_rag_hetero,gpt-4o-mini,4,4,5,4,0,0,"The AI response accurately addresses the evaluation of the new nodule and includes necessary diagnostic steps, but it lacks some details on monitoring and management of stable or resolving nodules, which are important in the context of immunotherapy. Overall, it aligns well with guidelines but could improve in completeness."
Q100,D1_Diagnosis_Screening,Hard,heterogeneous,mdt_zeroshot_hetero,gpt-4o-mini,5,5,5,5,0,0,"The AI response accurately reflects the current guidelines for diagnostic workup and treatment of lung cancer, including molecular profiling and staging recommendations, with no factual errors or safety concerns."
Q100,D1_Diagnosis_Screening,Hard,heterogeneous,mdt_rag_hetero,gpt-4o-mini,5,5,5,5,0,0,"The AI response accurately reflects the clinical scenario, provides a comprehensive diagnostic and treatment plan consistent with current guidelines, and does not contain any harmful recommendations or fabricated information."
